file,row_index,correct_answer,rationale
3031_HANSEL_GRETEL_WITCH_HUNTERS/segment_0021.mp4,0,C,"In the final part of the video, the dark-haired woman is shown lying on the ground, confined by a dense, cage-like network of gnarled brown roots."
3031_HANSEL_GRETEL_WITCH_HUNTERS/segment_0015.mp4,1,B,"In the target scene, the woman is seen walking away from her discarded orange dress and stepping into the pool of water while the man watches her from the shore."
3031_HANSEL_GRETEL_WITCH_HUNTERS/segment_0018.mp4,2,B,"In the target scene, the attacker's face is revealed to have the same braid and distinct cuts on the forehead and lip as the woman shown at the start of the video when she and the man stop fighting and embrace."
3031_HANSEL_GRETEL_WITCH_HUNTERS/segment_0010.mp4,3,B,"In the target scene, the man with long hair is clearly visible standing on an elevated wooden balcony and leaning over the railing while looking down into the cell area."
3031_HANSEL_GRETEL_WITCH_HUNTERS/segment_0009.mp4,4,C,"In the target scene, as the man with long hair is struck and falls to the forest floor, a large pumpkin is clearly visible on the ground next to him and a discarded brown hat."
3031_HANSEL_GRETEL_WITCH_HUNTERS/segment_0003.mp4,5,B,"In the final shots of the scene, the woman is shown running through the forest and then coming to a stop while holding the same mechanical crossbow she used earlier to fight the figure in the cabin."
3031_HANSEL_GRETEL_WITCH_HUNTERS/segment_0019.mp4,6,B,"In the target scene, the man points to a colorful drawing on the wooden planks of the wall that depicts two stylized figures, a boy and a girl, standing next to each other. The woman uses the candle she picked up during the context to illuminate this specific part of the room."
3031_HANSEL_GRETEL_WITCH_HUNTERS/segment_0014.mp4,7,B,"In the final moments of the clip, the woman is seen cautiously moving behind a massive, moss-covered fallen tree trunk and crouching down to hide from the large creature eating a boar."
3031_HANSEL_GRETEL_WITCH_HUNTERS/segment_0002.mp4,8,A,"In the target scene, the labels on the glass bottles are clearly visible, featuring drawings of children's faces accompanied by text such as ""Child Missing"" and ""Child Lost."""
3031_HANSEL_GRETEL_WITCH_HUNTERS/segment_0025.mp4,9,C,"The man is seen holding a long, blue firearm with a distinctive textured barrel and aiming it toward the attacker jumping from the house."
3031_HANSEL_GRETEL_WITCH_HUNTERS/segment_0028.mp4,10,C,The young man walking in the middle of the group is clearly shown holding and looking down at a yellow piece of parchment or map as they travel through the desert.
3031_HANSEL_GRETEL_WITCH_HUNTERS/segment_0027.mp4,11,C,"In the target scene, after the woman crawls to pick up the small metallic object, she brings it to the man and they both hold it as it is pressed into his forearm to deliver an injection."
3031_HANSEL_GRETEL_WITCH_HUNTERS/segment_0013.mp4,12,C,"After the woman wakes up and sits up in the bed, she turns her head and looks directly at a piece of paper pinned to the wall that features a hand-drawn portrait of a person."
3031_HANSEL_GRETEL_WITCH_HUNTERS/segment_0008.mp4,13,C,"In the target scene, the woman previously identified by her reflection in the mirror is shown walking through the market carrying a wicker basket and a large orange gourd (pumpkin). She is still holding these objects when she approaches the man after he collapses onto the stone steps."
3031_HANSEL_GRETEL_WITCH_HUNTERS/segment_0001.mp4,14,C,"The context shows two children overpowering a white-haired woman and successfully shoving her into a large furnace before closing the door. In the target scene, her hands are seen beating against the glass from the inside as the fire intensifies."
3031_HANSEL_GRETEL_WITCH_HUNTERS/segment_0016.mp4,15,D,"In the latter part of the video, a close-up shot shows the dark-haired woman with blood on her face draped over the large creature's shoulder as it moves through the forest."
3031_HANSEL_GRETEL_WITCH_HUNTERS/segment_0007.mp4,16,C,"The woman is shown lying in a bed with a striped blanket, her eyes are closed and her head is resting on a pillow as she appears to be sleeping."
3031_HANSEL_GRETEL_WITCH_HUNTERS/segment_0011.mp4,17,B,"The woman from the earlier house scene is shown on a balcony in the target scene, where she aims a crossbow with two distinct sets of bow limbs at both 01:10 and 01:22."
3031_HANSEL_GRETEL_WITCH_HUNTERS/segment_0005.mp4,18,C,"In the target scene, specifically around 1:14 to 1:18, the black dog from the earlier village context is seen lying on the ground on the right side of the campfire while the men turn around to look at the woman."
1051_Harry_Potter_and_the_goblet_of_fire/segment_0004.mp4,19,B,"The target scene shows the young man being pushed from behind, falling face-first onto the ground, and then being stepped on by several people in the panicked crowd before he is shown lying still."
1051_Harry_Potter_and_the_goblet_of_fire/segment_0021.mp4,20,B,"In the target scene, after the person catches themselves on the edge of the building, the camera shows the wooden broomstick resting stationary on the dark grey tiles of the sloped roof."
1051_Harry_Potter_and_the_goblet_of_fire/segment_0030.mp4,21,B,"The boy who was wearing the red and gold scarf on the bridge is shown in a bath, where he reaches for a large golden egg and opens it."
1051_Harry_Potter_and_the_goblet_of_fire/segment_0000.mp4,22,A,"As the camera pans toward the house in the distance, the hooded, winged statue holding a scythe, which was shown prominently earlier in the graveyard, is visible on the right side of the frame."
1051_Harry_Potter_and_the_goblet_of_fire/segment_0029.mp4,23,D,"In the target scene, the boy is shown lying in a bed with his eyes closed, breathing heavily as if asleep or having a nightmare. The context identifies him as the character who was previously seen at the formal event wearing a white bow tie and glasses."
1051_Harry_Potter_and_the_goblet_of_fire/segment_0018.mp4,24,A,The man is shown sitting and using both hands to pull and secure a mechanical metal leg onto his stump.
1051_Harry_Potter_and_the_goblet_of_fire/segment_0010.mp4,25,B,"In the target scene, after the classes end, the boy with glasses and the red-haired boy are shown walking and talking to each other while descending a large, circular stone staircase along with other students."
1051_Harry_Potter_and_the_goblet_of_fire/segment_0009.mp4,26,B,"The target scene concludes with the man using his wand to direct the creature into a glass sphere on a desk, where it is shown magnified. This is a different container than the jar shown at the beginning of the classroom sequence."
1051_Harry_Potter_and_the_goblet_of_fire/segment_0031.mp4,27,C,"In the target scene, specifically around 01:06 and 01:08, the golden egg is clearly visible resting on the wooden table to the left of the boy while he is researching in the library."
1051_Harry_Potter_and_the_goblet_of_fire/segment_0006.mp4,28,B,"In the target scene, after the ship has fully risen from the water, a large white sail is unfurled, revealing a prominent red bird-like emblem in the center."
1051_Harry_Potter_and_the_goblet_of_fire/segment_0003.mp4,29,A,"In the target scene, the group of characters from the campsite is shown leaning over the railing of a high metal platform, yelling and waving their arms enthusiastically as players fly into the stadium on broomsticks."
1051_Harry_Potter_and_the_goblet_of_fire/segment_0044.mp4,30,B,"In the target scene, the tall, pale figure is shown grabbing the other man's arm and pressing the tip of the thin, white wand firmly into a dark tattoo of a skull and snake."
1051_Harry_Potter_and_the_goblet_of_fire/segment_0037.mp4,31,C,"In the final moments of the video, the boy is shown splashing out of the stone basin and landing on the floor of the dark room, which was established as his original location in the context."
1051_Harry_Potter_and_the_goblet_of_fire/segment_0014.mp4,32,B,"In the target scene, after the man with the long white beard adds a silvery substance to the stone basin, the camera zooms in to show a piece of paper with the name ""Harry Potter"" clearly written on it."
1051_Harry_Potter_and_the_goblet_of_fire/segment_0002.mp4,33,B,"In the target scene, the young man who was seen jumping from a tree earlier reaches down to grab the hand of a boy sitting on the grass and pulls him to his feet."
1051_Harry_Potter_and_the_goblet_of_fire/segment_0026.mp4,34,C,"The person who was shown examining themselves in a mirror is later seen in the hall wearing a brown robe with large, frilly white lace ruffles visible at the neck and sleeves."
1051_Harry_Potter_and_the_goblet_of_fire/segment_0023.mp4,35,C,"In the target scene, a golden egg is visible resting on the long wooden table. The context shows this same golden egg being opened in a crowded room, which produced a loud sound that caused everyone to cover their ears."
1051_Harry_Potter_and_the_goblet_of_fire/segment_0042.mp4,36,B,"In the target scene, the glowing blue trophy is seen lying on the grass in the graveyard as the individual in the yellow and black shirt stands over it to look at it."
1051_Harry_Potter_and_the_goblet_of_fire/segment_0027.mp4,37,C,The girl in the pink dress and the man in the red uniform are seen spinning and dancing together among several other couples in the middle of the hall.
1051_Harry_Potter_and_the_goblet_of_fire/segment_0022.mp4,38,B,"In the final part of the clip, the individual in the red and black outfit is seen flying into the circular arena while mounted on a broomstick, greeted by the cheering crowd."
1051_Harry_Potter_and_the_goblet_of_fire/segment_0035.mp4,39,C,"The girl in the light blue robe, who was seen waiting on the structure earlier, approaches the boy wearing the red vest and kisses him on both cheeks."
1051_Harry_Potter_and_the_goblet_of_fire/segment_0001.mp4,40,B,"In the target scene, the boy is shown lying in bed, breathing heavily and holding his hand against his forehead as he wakes up from the distressing events shown in the previous scene."
1051_Harry_Potter_and_the_goblet_of_fire/segment_0034.mp4,41,C,"Upon surfacing with the girl, the swimmer's shark head vanishes, revealing his human face as he gasps for air."
1051_Harry_Potter_and_the_goblet_of_fire/segment_0048.mp4,42,C,"In the target scene, the man with long black hair is shown holding the flask and sniffing it to identify the liquid inside. The context identifies this flask as the one the man with the artificial eye was drinking from and searching for earlier."
1051_Harry_Potter_and_the_goblet_of_fire/segment_0011.mp4,43,B,The target scene shows the two characters on the floor with long white hair and beards as they look at one another and start fighting.
1051_Harry_Potter_and_the_goblet_of_fire/segment_0038.mp4,44,A,"In the target scene, the participant wearing the yellow and black shirt walks over to the man in the brown jacket (who was shown cheering in the stands earlier) and the two of them embrace."
1051_Harry_Potter_and_the_goblet_of_fire/segment_0050.mp4,45,B,"In the final shots, a team of winged horses is clearly shown pulling a carriage through the sky, while a large sailing ship is visible on the surface of the water in the distance behind them."
1051_Harry_Potter_and_the_goblet_of_fire/segment_0005.mp4,46,B,A hazy green shape appears in the sky during the night scene in the target portion of the video. The context identifies this shape more clearly by showing it earlier as a glowing green skull with a snake emerging from its mouth.
1051_Harry_Potter_and_the_goblet_of_fire/segment_0045.mp4,47,C,"The context shows a boy in a yellow and black shirt lying dead on the ground. In the target scene, during the wide shots of the confrontation, the same boy is visible lying motionless on the grass in the background while the man in black and the boy in red are in the foreground."
3015_CHARLIE_ST_CLOUD/segment_0004.mp4,48,C,"In the target scene, the camera zooms in on a headstone bearing the name ""Timothy Patrick Sullivan,"" which is the specific grave the man in the military uniform was seen polishing with a cloth earlier in the cemetery. Other names like Samuel St. Cloud appear on a separate grave at the beginning of the video, while the names Adam S. Wybern, Thomas L. MacTeal, and Kevin J. Thorton are visible on adjacent headstones in the background of the target scene."
3015_CHARLIE_ST_CLOUD/segment_0021.mp4,49,C,"In the target scene, specifically around the 01:17 mark, the man is shown using a flashlight to find and then attempt to free a woman with long hair who is trapped underwater. This distinguishes the person being rescued from the other characters introduced in the context, such as the young boy or the men on the boat."
3015_CHARLIE_ST_CLOUD/segment_0015.mp4,50,C,"In the target scene, the man is shown sitting at a table in a dark room, where he picks up a glass and takes a drink. The context helps identify him as the same person who was previously shown running through the forest wearing the same dark t-shirt."
3015_CHARLIE_ST_CLOUD/segment_0018.mp4,51,C,"In the target scene, when the man flips the light switch, the camera shows a floor covered in numerous scattered papers and newspapers. These are the same items he was seen searching through and knocking over in the context before he left for the forest."
3015_CHARLIE_ST_CLOUD/segment_0010.mp4,52,B,"In the target scene, when the man bangs the metal lids together to scare the geese, the woman is seen popping up from a seated or crouching position on the ground behind a manicured green hedge. The context at the beginning of the video establishes her identity as the person who was navigating the sailboat."
3015_CHARLIE_ST_CLOUD/segment_0009.mp4,53,C,"In the target scene, the woman is seen on the deck of the red boat (labeled ""Querencia"" and ""Quincy Harbor""), holding a white radio device to her mouth and speaking into it."
3015_CHARLIE_ST_CLOUD/segment_0012.mp4,54,B,"In the target scene, the characters stand next to a wall covered in various papers and a large map. The context provides clear, close-up shots of these same papers earlier, identifying them as detailed sketches and technical diagrams of sailboats."
3015_CHARLIE_ST_CLOUD/segment_0003.mp4,55,B,"In the target scene, during the high-angle shot of the forest clearing, a red baseball glove is seen lying on the ground directly in front of the kneeling man."
3015_CHARLIE_ST_CLOUD/segment_0014.mp4,56,B,"After the man follows the clue on the note he found, he looks out at the water and sees the woman sitting on a sailboat with a red-and-white sail as it approaches the shore."
3015_CHARLIE_ST_CLOUD/segment_0024.mp4,57,B,"In the target scene, the boy walks toward the man who is already crouching and then lowers himself to sit on the ground beside him."
3015_CHARLIE_ST_CLOUD/segment_0002.mp4,58,C,"In the target scene, the man is clearly shown running through the forest while clutching a brown leather baseball glove in his right hand. This is the same object he was holding earlier in the context while standing with the crowd at the cemetery."
3015_CHARLIE_ST_CLOUD/segment_0023.mp4,59,C,"During the close-up shots of the man talking on the dock, his face is clearly shown to be free of the medical adhesive strips and the dark bruising that were present during his time in the hospital."
3015_CHARLIE_ST_CLOUD/segment_0013.mp4,60,B,"After the characters interact and the woman begins to walk away, a large statue of an angel with its wings spread is clearly visible in the foggy background of the cemetery."
3015_CHARLIE_ST_CLOUD/segment_0022.mp4,61,B,"In the target scene, the man is shown sitting inside a vehicle with a dark, thick garment or blanket draped over his shoulders. This is a visible change from the context, where he was shown shirtless while navigating the dark, rocky cave."
3015_CHARLIE_ST_CLOUD/segment_0008.mp4,62,B,"The woman is shown standing on the deck of the sailboat, positioned behind the man as he pulls on the rigging. Her presence on the boat is confirmed when she leans against the railing and speaks to him."
3015_CHARLIE_ST_CLOUD/segment_0001.mp4,63,C,"In the final sequence of the video, the silver car is shown lying completely overturned on the asphalt with its wheels facing upward and smoke rising from the chassis."
3015_CHARLIE_ST_CLOUD/segment_0016.mp4,64,B,"The yellow dog is shown walking along the sidewalk directly behind a woman wearing a green hooded sweater who is carrying shopping bags. The woman in the denim jacket, who was with the dog in the earlier part of the video, is shown watching them from a distance."
3015_CHARLIE_ST_CLOUD/segment_0017.mp4,65,B,"In the target scene, the man is shown aggressively pulling a large nautical chart off the wall. This object relates to the boat shown in the shed during the context portion of the video, which established the maritime theme."
3034_IDES_OF_MARCH/segment_0004.mp4,66,B,"In the target scene, the woman is shown putting on a plaid (checkered) blazer, which is a change from the solid black jacket she wore during the initial meeting at the bar."
3034_IDES_OF_MARCH/segment_0021.mp4,67,C,"During a wide shot of the mourners gathered in the church, the man who was previously featured in the news segment is visible sitting in the front row of the pews on the right side of the screen."
3034_IDES_OF_MARCH/segment_0018.mp4,68,B,"In the target scene, after the man from the bench is shown finishing a phone call at the back of the press conference, he is then seen walking by himself along a city sidewalk at night."
3034_IDES_OF_MARCH/segment_0010.mp4,69,B,"In the target scene, which takes place inside the building labeled ""Stock Yards Bank & Trust"" from the context, a woman behind a desk slides a stack of paper currency across the counter to the man, who then collects it."
3034_IDES_OF_MARCH/segment_0009.mp4,70,C,The man is shown standing up from his chair and using his hand to tap on the glass partition of the office to signal the woman sitting at the desk outside.
3034_IDES_OF_MARCH/segment_0006.mp4,71,B,"In the target scene, as the bus drives through the city at night, the slogan ""I LIKE MIKE"" is clearly visible on the top portion of its rear panel, above the window. The campaign identity is confirmed by the ""MORRIS for President"" text visible on the side and lower rear of the same vehicle."
3034_IDES_OF_MARCH/segment_0012.mp4,72,C,"While sitting in the waiting area chairs, the man leans in close to the woman and kisses her on the forehead before standing up and exiting the frame."
3034_IDES_OF_MARCH/segment_0003.mp4,73,C,"In the final section of the video, a man in a suit walks by and hands a stack of papers to the man sitting on the couch. This man on the couch is the same character shown making phone calls throughout the earlier scenes in the office and outside the bar."
3034_IDES_OF_MARCH/segment_0019.mp4,74,C,"In the target scene, the man who was waiting is shown standing in front of shelving units containing several rows of stacked clear plastic pitchers. While the other items listed as options are visible in the kitchen area during the preceding walkthrough, they are not the objects positioned directly behind him during the conversation."
3034_IDES_OF_MARCH/segment_0014.mp4,75,B,"In the target scene, the woman is shown walking past the clinic sign and then sitting alone in a booth inside a diner, looking out the window at the street."
3034_IDES_OF_MARCH/segment_0024.mp4,76,C,"In the target scene, when the man turns his head to look over his right shoulder, a coiled transparent cord is visible running from behind his ear and disappearing into his collar. This matches the device shown being placed on him earlier in the video."
3034_IDES_OF_MARCH/segment_0023.mp4,77,B,"In the target scene, the man is wearing a dark-colored suit jacket over his shirt and tie as he walks through the hallway. He was previously shown putting this jacket on in the media room filled with television monitors."
3034_IDES_OF_MARCH/segment_0022.mp4,78,A,"In the target scene, the woman walks through a hallway lined with large posters of the man who is introduced as the candidate at the rally and approaches the microphones. This same man is shown on stage during the rally's introduction and is distinct from the other men introduced during the funeral and its aftermath in the context."
3034_IDES_OF_MARCH/segment_0008.mp4,79,B,"In the target scene, the woman is seen sitting upright in the bed, dressed in a white button-down shirt, while observing the man as he talks on the phone."
3034_IDES_OF_MARCH/segment_0001.mp4,80,B,"In the target scene, the man with glasses and the woman walk out of a building with a large illuminated sign above the entrance that reads ""SOUTH & VINE"". This exterior shot follows the context where they were shown sitting inside the same establishment."
3034_IDES_OF_MARCH/segment_0016.mp4,81,B,"In the target scene, specifically around 01:15 and 01:21, a large bridge with prominent glowing arches and lights is clearly visible in the background behind the man and his vehicle."
3034_IDES_OF_MARCH/segment_0017.mp4,82,A,"The context provides a wide shot of the riverfront area that prominently features a large suspension bridge with stone towers spanning the water. In the target scene, when the man from the car arrives at this location and sits on a bench with another man, the same bridge is clearly visible in the background."
3034_IDES_OF_MARCH/segment_0005.mp4,83,B,"In the target scene, the man is shown standing on a stage behind a podium with several microphones, speaking and gesturing to a large crowd of people in an auditorium."
3032_HOW_DO_YOU_KNOW/segment_0032.mp4,84,B,"In the target scene, the couple walks over to the bus stop's glass shelter and sits down together on the metal bench located inside it."
3032_HOW_DO_YOU_KNOW/segment_0004.mp4,85,C,"In the context, the man is seen placing a stalk of celery into a glass. In the target scene, he is seen pouring a red mixture and then a clear liquid into a glass containing the celery, which he also leans in to smell."
3032_HOW_DO_YOU_KNOW/segment_0030.mp4,86,C,"At approximately 01:19, the man who was previously seen at the dinner table is shown shaking hands and briefly speaking with a man wearing a light-colored suit before he continues through the party to find the woman."
3032_HOW_DO_YOU_KNOW/segment_0015.mp4,87,C,"Upon reaching the woman and the doorman on the sidewalk, the man (who was previously seen in the apartment wearing a dark suit jacket) picks up the large blue bag that has ""VIRGINIA"" printed on it in white text."
3032_HOW_DO_YOU_KNOW/segment_0029.mp4,88,C,"In the target scene, as the woman pulls a yellow container out of the wrapping paper, a silver-toned watch with a band decorated with small stones is clearly visible on her left wrist."
3032_HOW_DO_YOU_KNOW/segment_0010.mp4,89,C,"In the target scene, the man is shown walking out from the indoor area where the food was being served to an outdoor patio. He then sits down at a table with the woman under a striped awning while it is raining."
3032_HOW_DO_YOU_KNOW/segment_0009.mp4,90,B,"In the target scene, the man with glasses is shown walking through a large indoor hall with high ceilings and a directory board, accompanied by another man in a suit. He is then seen sitting on a bench with the same man."
3032_HOW_DO_YOU_KNOW/segment_0031.mp4,91,B,"In the target scene, the man in the light-colored suit (who approached the woman in the context after the man in the dark suit departed) is shown holding her in a long hug. Other actions, such as walking past a glass shelter or talking on a balcony, are performed by different men shown during the same target scene."
3032_HOW_DO_YOU_KNOW/segment_0006.mp4,92,C,The woman is shown in the bathroom holding a vibrating electric toothbrush to her teeth while looking at her reflection in the mirror.
3032_HOW_DO_YOU_KNOW/segment_0003.mp4,93,C,"In the target scene, the woman (identifiable as the office worker from the context) is seen walking into the living room wearing a sleeveless black top, which differs from the purple garment she wore in the earlier office scenes."
3032_HOW_DO_YOU_KNOW/segment_0019.mp4,94,B,"In the target scene, the woman is seen standing on the sidewalk with a large grey bag over her shoulder. As the vehicle arrives, she bends down to pick up a black backpack that is covered in various colorful pins and patches, which she then places into the back of the car."
3032_HOW_DO_YOU_KNOW/segment_0014.mp4,95,B,"In the context, the man is seen slamming his forehead against the edge of a table in the lobby. In the target scene, while standing in the elevator, he is shown holding his hand over his forehead and rubbing the same area where the impact occurred."
3032_HOW_DO_YOU_KNOW/segment_0028.mp4,96,C,"In the final moments of the scene, the man in the light-colored suit pulls a small drawer out from the bottom of a chair and hands a small blue box to the woman."
3032_HOW_DO_YOU_KNOW/segment_0023.mp4,97,C,"In the target scene, the man who was earlier shown in a suit is now wearing a plaid shirt and is clearly visible typing on a laptop at a desk. The other options describe actions performed by different people introduced during the context."
3032_HOW_DO_YOU_KNOW/segment_0027.mp4,98,B,"In the target scene, the driver shown behind the wheel is a fair-skinned man, which is different from the black man who was driving the first bus seen earlier in the context."
3032_HOW_DO_YOU_KNOW/segment_0022.mp4,99,B,"At 01:13, the older man stands up and moves to sit on the red couch where the younger man is already seated. The pillow with the crab design, introduced earlier in the context, is clearly visible on the couch to the side of the younger man."
3032_HOW_DO_YOU_KNOW/segment_0008.mp4,100,B,"In the final part of the video, the man who was earlier at the restaurant is shown in a crowded room holding a cell phone to his ear and speaking into it."
3032_HOW_DO_YOU_KNOW/segment_0016.mp4,101,A,"In the target scene, when the refrigerator is opened, a close-up reveals four identical white bowls on the middle shelf, each with a handwritten label that clearly reads ""CHICKEN POT PIE."""
3032_HOW_DO_YOU_KNOW/segment_0007.mp4,102,B,"In the target scene, when the woman first finds the man at the restaurant table, he is shown sitting with his eyes closed and both hands pressed against his temples and face. He remains in this stressed posture until she addresses him."
3032_HOW_DO_YOU_KNOW/segment_0011.mp4,103,C,"At the beginning of the target scene, the man is shown pouring cereal from two different boxes into bowls on the kitchen counter."
3032_HOW_DO_YOU_KNOW/segment_0017.mp4,104,C,"In the target scene, the blonde woman seen earlier at the window is shown sitting on a couch, reaching for a glass of dark liquid that is resting on a cardboard box, and taking a sip."
1027_Les_Miserables/segment_0004.mp4,105,C,"In the shipyard scene, the man wearing the same distinct tall, textured hat from the earlier segments is shown walking and looking around, while the action of handing a coin to the woman in the red dress is performed by a different man wearing a smooth black top hat."
1027_Les_Miserables/segment_0015.mp4,106,B,"In the target scene, soldiers are shown firing cannons, which is immediately followed by a large explosion that strikes the wooden structure, causing it to shatter and sending debris flying into the air."
1027_Les_Miserables/segment_0018.mp4,107,B,"In the target scene, the man is seen entering a grand interior through large wooden doors and walking toward a staircase while wearing a white cloth sling on his left arm."
1027_Les_Miserables/segment_0010.mp4,108,C,"The woman is shown writing at a desk with a candle and then runs out to the same gate where she previously met the man. She is then seen tucking a small, folded white envelope into the decorative scrolls of the gate's ironwork."
1027_Les_Miserables/segment_0009.mp4,109,B,"In the target scene, the man in the brown jacket catches up to the girl and firmly grasps her right upper arm to stop her from walking away. This interaction follows the earlier footage where she is shown observing him from a dilapidated building."
1027_Les_Miserables/segment_0006.mp4,110,C,"At the end of the video, the man with red hair is shown holding a white cloth to his face and dabbing at his eye while standing next to the woman and looking at the man in the top hat."
1027_Les_Miserables/segment_0012.mp4,111,C,"In the target scene, the man wearing the brown jacket and blue necktie (who was first shown in this outfit in the context at 00:19 and 00:50) is shown holding a flaming torch over a barrel to threaten the soldiers, which successfully causes them to retreat."
1027_Les_Miserables/segment_0003.mp4,112,C,"In the target scene, the man in the green coat is shown positioning himself under the heavy beam and pushing it upward with his back and shoulders to create enough space for the trapped person to move."
1027_Les_Miserables/segment_0020.mp4,113,C,"In the target scene, a large red flag is waved from right to left in front of the woman wearing the green shawl while she is singing."
1027_Les_Miserables/segment_0019.mp4,114,B,The man in the yellow striped suit and the woman in the red dress are shown being lifted into the air and carried through the crowd by multiple men wearing red and cream uniforms.
1027_Les_Miserables/segment_0014.mp4,115,B,"In the target scene, the man in the uniform fires his weapon at a poster on the wall next to the other man, and a bullet hole is clearly visible appearing in the paper."
1027_Les_Miserables/segment_0002.mp4,116,D,"In the target scene, the man is shown gripping the yellow document and tearing it into several small fragments, which he then throws into the air to be carried away by the wind."
1027_Les_Miserables/segment_0013.mp4,117,B,"In the target scene, the child is shown standing on a spiral staircase made of dark wood while handing the paper to a man at a door. The context shows the child receiving this message at a different location composed of piled furniture."
1027_Les_Miserables/segment_0008.mp4,118,B,"Following the title card indicating the year 1832, the boy is seen lifting a small hatch and poking his head out from the top of the large wooden elephant statue."
1027_Les_Miserables/segment_0001.mp4,119,B,"In the target scene, during the close-up shots of the man eating, he is clearly seen wearing a ragged, tattered cloth wrapped around his neck, whereas in the earlier scenes of him working with the log, he had a thick iron collar and chains locked around his neck."
1027_Les_Miserables/segment_0016.mp4,120,B,"After the soldiers fire their final volley, the man in the red jacket is shown hanging by his feet, suspended upside down from the window ledge where he was previously standing."
1027_Les_Miserables/segment_0007.mp4,121,B,"In the target scene, the man in the bicorne hat (who was previously seen riding a horse in both the context and the earlier part of the target scene) is shown walking on foot through a narrow alleyway at the 01:18 and 01:25 marks."
1027_Les_Miserables/segment_0011.mp4,122,B,"In the target scene, the soldiers are shown drawing their swords and then galloping their black horses through the square amidst the fleeing crowd."
1027_Les_Miserables/segment_0017.mp4,123,B,"In the target scene, the uniformed man is shown standing at the top of a flight of stone stairs, aiming a pistol at the mud-covered man (the same individual seen stealing a ring in the context) as he emerges from the sewer carrying another person on his back."
1027_Les_Miserables/segment_0005.mp4,124,C,"In the final part of the clip, the man is seen leaning over the woman in the bed and using his hand to gently close her eyes. The earlier context helps identify her as the same woman he was previously carrying and the one the nun was caring for in that room."
1005_Signs/segment_0004.mp4,125,C,"In the target scene, during the transition to daytime, a white vehicle is shown parked in front of the house with the word ""POLICE"" clearly visible on its side door."
1005_Signs/segment_0030.mp4,126,B,"In the target scene at the crash site, the man is wearing a black shirt with a visible white clerical collar. In the context, he is shown wearing only a blue sweater while in the house."
1005_Signs/segment_0000.mp4,127,D,"In the cornfield, a young girl is found who corresponds to the girl on the far left of the framed family portrait shown inside the house."
1005_Signs/segment_0015.mp4,128,B,"In the target scene, the man looks through a window to see an interior room containing a desk with a computer monitor, papers, and several wooden chairs that have been overturned on the floor."
1005_Signs/segment_0029.mp4,129,B,"In the target scene, the man finishes carrying the child and carefully lays him down on a sofa that has a distinct floral pattern on its cushions."
1005_Signs/segment_0010.mp4,130,D,"The final shot of the video shows the man standing in a large circular clearing where all the corn stalks are visibly lying flat on the ground, contrasting with the standing corn he was previously moving through."
1005_Signs/segment_0009.mp4,131,B,"In the target scene at 01:25, a specific section of the cornfield is shown rustling and shaking while the surrounding stalks remain still, indicating something is moving through that spot. This contrasts with the still cornfield shown during the earlier arrival and roof scenes in the context."
1005_Signs/segment_0031.mp4,132,B,"In the target scene, a close-up shows the creature sitting on the floor with a visible, red wound on its shoulder as water from the shattered glasses drips onto the area."
1005_Signs/segment_0003.mp4,133,C,"After the man wakes up at night, the young girl who was previously sitting in the wooden structure and the boy who was seen using an inhaler appear together in the dark hallway outside his room."
1005_Signs/segment_0019.mp4,134,B,"In the target scene, the man who was previously shown sitting on a couch exits a building and walks down the stairs while holding a large white sack in his right hand."
1005_Signs/segment_0014.mp4,135,B,"At the start of the target scene, the camera pans across a drawing from the book, revealing a farmhouse with red light shining through the windows and fire burning on the roof and inside the upper floor."
1005_Signs/segment_0028.mp4,136,D,The man in the light blue shirt reaches down and pulls a white electronic device with a speaker and a short antenna from the child's waistband. This device was visible on a shelf in the basement earlier in the clip.
1005_Signs/segment_0026.mp4,137,C,"In the target scene, the man is shown picking up the yellow and green bags and stacking them one by one until they completely block the arched opening in the wall."
1005_Signs/segment_0023.mp4,138,C,"In the target scene, the window behind the man in the light blue shirt is obstructed by several horizontal wooden planks nailed into the frame, following the boarding-up activity shown earlier."
1005_Signs/segment_0027.mp4,139,B,"In the target scene, the man from the basement is shown on a dark road facing a woman who is wearing a tan law enforcement uniform and a wide-brimmed hat with a badge."
1005_Signs/segment_0022.mp4,140,B,"In the target scene, the man in the light blue shirt (who was seen at the television in the context) is shown using a hammer to nail a long wooden board horizontally across a white door alongside another man."
1005_Signs/segment_0008.mp4,141,B,"At the start of the target scene, a blue station wagon is shown coming to a stop in a gravel driveway, and the following shots show the group of four people sitting inside the vehicle's cabin."
1005_Signs/segment_0001.mp4,142,B,"The man is seen kneeling on the kitchen floor and using a white paper towel to soak up a liquid puddle next to a German Shepherd. The context confirms that German Shepherds were present on the property, having been shown running through the cornfield earlier."
1005_Signs/segment_0016.mp4,143,B,"In the target scene, after the dark vehicle pulls away and leaves the driveway, the man remaining in the yard turns away from the road and stands facing the large wooden house."
1005_Signs/segment_0007.mp4,144,C,"In the target scene, the man in the light-colored jacket walks away from the desk area and stands directly behind a man wearing a black leather vest who is seated and writing on a clipboard. This occurs in the recruitment office established during the context."
3009_BATTLE_LOS_ANGELES/segment_0004.mp4,145,B,"The marine with the white stick in his mouth is seen sitting in the center of a group of soldiers, staring straight ahead with wide eyes as the helicopters approach the smoke and explosions on the ground."
3009_BATTLE_LOS_ANGELES/segment_0021.mp4,146,B,"In the target scene, the boy is seen sitting on a chair next to the person on the stretcher and is shown holding their hand. The context establishes the situation by showing the soldiers carrying this person into the room on the stretcher."
3009_BATTLE_LOS_ANGELES/segment_0000.mp4,147,C,"In the target scene, the man is shown in a camouflage uniform and cap, standing outdoors and holding a salute while looking towards an air traffic control tower with a flag."
3009_BATTLE_LOS_ANGELES/segment_0029.mp4,148,B,"In the target scene, multiple soldiers are shown tilting back clear plastic water bottles to drink while resting inside a tent at the desert base."
3009_BATTLE_LOS_ANGELES/segment_0018.mp4,149,C,"The target scene features a close-up shot of blackened, charred, and lumpy remains lying on the ground next to the burning bus. These remains are the aftermath of the explosion at the site where enemies were shown swarming the bus in the context."
3009_BATTLE_LOS_ANGELES/segment_0010.mp4,150,B,"In the final shot of the video, the soldier who was earlier shown on the helicopter is sitting by himself in a dark, debris-filled room with his head bowed."
3009_BATTLE_LOS_ANGELES/segment_0009.mp4,151,B,"In the target scene, the soldiers are seen moving through the dark interior of the building using weapon-mounted lights, with several loose wires hanging from the damaged ceiling and objects scattered on the floor."
3009_BATTLE_LOS_ANGELES/segment_0006.mp4,152,C,"At 01:06, a large explosion occurs in the middle of the street near the vehicles where the squad is standing, and the soldiers are immediately shown ducking for cover and firing their weapons as bullets strike the ground and cars around them."
3009_BATTLE_LOS_ANGELES/segment_0012.mp4,153,B,"In the target scene, a soldier is shown using a knife to cut deep into the creature's torso, while others watch and a video monitor displays a close-up of hands probing the creature's internal organs and tissues."
3009_BATTLE_LOS_ANGELES/segment_0003.mp4,154,C,"In the target scene, multiple groups of soldiers in full gear are shown running across an airfield and lining up to board large military helicopters that have two sets of rotors."
3009_BATTLE_LOS_ANGELES/segment_0020.mp4,155,C,"In the target scene, the Santa Monica Airport F.O.B. is shown at night with several large fireballs and explosions erupting across the landscape, consistent with the ""bombs drop"" event mentioned earlier in the context."
3009_BATTLE_LOS_ANGELES/segment_0019.mp4,156,C,"A soldier is seen unfolding a reflective, crinkly silver survival blanket and spreading it over the man lying on the floor."
3009_BATTLE_LOS_ANGELES/segment_0014.mp4,157,B,"The target scene shows the wreckage of the mechanical object on the ground, where electrical sparks and several streams of pouring liquid are visible coming from its structure."
3009_BATTLE_LOS_ANGELES/segment_0028.mp4,158,B,"In the target scene, a soldier is clearly shown picking up the green rectangular targeting device from the ground near the debris and later placing it down at a new location on a rocky ledge."
3009_BATTLE_LOS_ANGELES/segment_0023.mp4,159,C,"In the target scene, the sergeant is shown in a close-up speaking directly to a Marine whose face is smeared with dark camouflage paint or dirt, particularly on his cheeks and forehead. While another soldier in the background area is shown wearing glasses during a brief cutaway, the specific Marine being addressed by the sergeant does not wear them."
3009_BATTLE_LOS_ANGELES/segment_0027.mp4,160,B,"In the target scene, at approximately 01:06, a soldier peers from behind a concrete wall and looks at a tall, complex, dark metallic machine standing amidst the rubble of the destroyed city. This structure shares the same intricate, bio-mechanical design as the alien environment shown in the context."
3009_BATTLE_LOS_ANGELES/segment_0013.mp4,161,C,"The target scene shows the soldier with the mustache looking up in shock as multiple grey, mechanical-looking vessels are seen flying and maneuvering in the sky through the bus's windows and roof openings."
3009_BATTLE_LOS_ANGELES/segment_0022.mp4,162,C,"The target scene shows the soldier holding the boy in a hug, with the boy leaning his head against the soldier's tactical vest while weeping."
3009_BATTLE_LOS_ANGELES/segment_0008.mp4,163,D,"In the scene, the soldier is shown throwing the object into the water of a swimming pool, which is followed by a large splash and an explosion."
3009_BATTLE_LOS_ANGELES/segment_0001.mp4,164,B,"At the beginning of the target scene, the soldier concludes his meeting, stands up, and reaches into the glass bowl to grab a large handful of the small, pastel-colored marshmallows that were introduced in the preceding context."
3009_BATTLE_LOS_ANGELES/segment_0007.mp4,165,B,"In the target scene, the soldier is seen firing his rifle while standing next to large, white industrial appliances and a blue laundry basket, which the previous scenes established as being part of a laundry room."
3009_BATTLE_LOS_ANGELES/segment_0011.mp4,166,B,"In the target scene, the view through the soldier's rifle scope clearly shows several small figures on a rooftop, including one prominent, tall, and spindly alien creature with multiple thin legs."
3009_BATTLE_LOS_ANGELES/segment_0017.mp4,167,B,"In the target scene, the soldier lying on the ground reaches into his vest, retrieves a set of metal dog tags on a chain, and hands them to the soldier kneeling beside him."
3009_BATTLE_LOS_ANGELES/segment_0005.mp4,168,B,"In the shots of the soldiers moving through the smoke (starting around 01:03), they are consistently shown wearing bulky camouflage-patterned backpacks, which matches the equipment they were seen putting on during their preparation phase in the earlier part of the video."
1026_Legion/segment_0004.mp4,169,B,"In the target scene, the man who was introduced at the start of the clip walks up to the television mounted on the wall and strikes the top of it once with his open hand."
1026_Legion/segment_0021.mp4,170,B,"During the fight inside the car, the driver's arm is clearly visible, showing the same dark patterns that were established in a close-up earlier in the video."
1026_Legion/segment_0000.mp4,171,C,"The man is clearly shown in front of a mirror holding a curved metal needle and pulling a thin thread through the skin around the large, bloody opening on his upper back to close the wound."
1026_Legion/segment_0015.mp4,172,C,"In the target scene, the man and woman on the roof are shown looking through the scopes and sights of their guns, pointing them directly at the minivan and its driver."
1026_Legion/segment_0018.mp4,173,C,"The context shows a baby being born and wrapped in a white, textured cloth. In the target scene, after a woman runs with the bundle and drops it, the man in the tan jacket is seen catching the same white-wrapped bundle."
1026_Legion/segment_0009.mp4,174,B,"In the target scene, the wood-paneled car is hit by gunfire or an explosive, causing it to erupt into a massive fireball and flip completely over while sliding down the road. This specific car, distinguished by its wood paneling and roof rack, was shown earlier skidding along the same stretch of road."
1026_Legion/segment_0006.mp4,175,C,"In the target scene, the man wearing a grey t-shirt, who was shown being bitten on the neck in the context, is seen hunched over a toilet bowl, coughing and retching as if vomiting. Another man in a tan shirt is present but is the one performing the other actions like drinking and looking out the window."
1026_Legion/segment_0003.mp4,176,B,"In the target scene, a man is shown in a workshop cleaning a large, grey stone sculpture that clearly features wings before he places it into the wooden crate."
1026_Legion/segment_0020.mp4,177,B,"In the target scene, the man with wings reaches down to pick up a spiked weapon and thrusts it backward into the torso of the man on his back, causing him to fall off and lie motionless on the floor."
1026_Legion/segment_0019.mp4,178,C,"In the target scene, after the man in the black shirt starts shooting an automatic rifle, the man with wings brings his large black wings forward, folding them tightly around his body to block the incoming bullets, which are seen sparking as they hit the wings."
1026_Legion/segment_0014.mp4,179,B,"After the woman in the bathroom finishes smoking, she turns to her side, and her profile reveals a large pregnant belly."
1026_Legion/segment_0002.mp4,180,B,"In the target scene, the woman (who was shown exiting the trailer in the context) is sitting on a swing next to the man. Before she stands up to walk back and enter the trailer, she reaches out and places her hand on the man's shoulder."
1026_Legion/segment_0023.mp4,181,B,"In the target scene, the woman is shown sitting in the passenger seat of the car, holding the baby in her arms while the man drives."
1026_Legion/segment_0013.mp4,182,C,"In the final moments of the video, the man is shown lying on his back with a large, glowing, and smoking opening where his chest and abdomen have burst apart."
1026_Legion/segment_0022.mp4,183,C,"In the target scene, while the man in the green shirt (established as a survivor in the context) is lying on the ground, a bright light shines from the sky and a second winged figure wearing dark armor descends to confront the initial attacker."
1026_Legion/segment_0008.mp4,184,B,"The vehicle that pulls up to the building has the words ""Frosty Treats"" clearly printed on its side in large, teal-colored letters as it comes to a stop."
1026_Legion/segment_0001.mp4,185,A,"In the target scene, the man is shown picking up two large black bags from the ground and placing them into the rear of the police car. These are the same bags he was seen carrying earlier when he was among the rows of assault rifles."
1026_Legion/segment_0016.mp4,186,B,"In the target scene, the man in the light grey coat is seen walking to one of the fuel pumps (01:42), retrieving the hose, and spraying fuel over a car and the surrounding crowd (01:45). He then uses a small igniter to set the fuel and the vehicle on fire (01:48)."
1026_Legion/segment_0011.mp4,187,C,The woman is shown sitting at the bar and drinking from a blue can that a man has placed in front of her.
1026_Legion/segment_0017.mp4,188,B,"In the target scene, a small person is seen jumping onto and clinging to a man's back; the flashlight beam clearly illuminates the horizontal stripes on their sweater. This matches the child introduced earlier in the kitchen area."
1026_Legion/segment_0005.mp4,189,B,"In the target scene, the elderly woman is shown biting a man's neck at his table and then rapidly climbing up the wall to move across the ceiling of the diner."
3074_THE_ROOMMATE/segment_0004.mp4,190,B,"The woman walking through the gallery is wearing the distinct, ornate earring with yellow gems that was given to her and put on earlier in the room."
3074_THE_ROOMMATE/segment_0000.mp4,191,B,"In the target scene, a blonde woman is shown standing by a corkboard that features multiple sketches and photographs. These portraits clearly depict the face of the brunette girl who was the primary focus of the context as she walked through the hallway and went to sleep."
3074_THE_ROOMMATE/segment_0015.mp4,192,B,"In the target scene, as the two women from the cafe approach the outdoor table, the woman wearing the denim jacket is shown holding a large clear cup and repeatedly sipping from it using a straw while listening to them."
3074_THE_ROOMMATE/segment_0010.mp4,193,C,"The woman is seen carrying the animal into a laundry facility, opening the circular glass door of a dryer unit, and placing the animal inside the drum before closing the door."
3074_THE_ROOMMATE/segment_0009.mp4,194,C,"The man identified from the earlier outdoor scene is shown in the target scene in a room with a bed, pillows, and a lamp. He is seen being intimate with a woman on the bed, indicating the location is a bedroom."
3074_THE_ROOMMATE/segment_0003.mp4,195,B,"In the final part of the video, when the two women hug, the teardrop-shaped pendant necklace that was previously shown in a close-up is clearly visible around the neck of the woman who had the kitten."
3074_THE_ROOMMATE/segment_0020.mp4,196,B,"In the target scene, while the knocking on the door is heard, the woman sitting in the chair is shown extending the blade of a utility knife and slicing into the fabric of the seat cushion."
3074_THE_ROOMMATE/segment_0014.mp4,197,C,"The woman is seen sitting on a stool at a kitchen counter, which is cluttered with bottles and food, while she speaks with a man in the dark."
3074_THE_ROOMMATE/segment_0024.mp4,198,C,The woman sitting up reaches toward the woman on the floor and pulls a thin chain with a circular pendant from around her neck.
3074_THE_ROOMMATE/segment_0002.mp4,199,D,"In the target scene, the woman in the black shirt picks up a framed photo from a desk and looks at it closely. The image inside the frame shows two young girls, matching the photograph that was shown in detail earlier in the clip."
3074_THE_ROOMMATE/segment_0023.mp4,200,B,"In the final struggle at the end of the video, the woman pinned to the floor reaches out and grabs a small silver handgun that is lying on the rug."
3074_THE_ROOMMATE/segment_0001.mp4,201,B,"In the target scene (01:14), the brunette woman is seen walking in an alleyway wearing a fedora-style hat with a feather. This same accessory is clearly visible on her during the art classroom scenes in the context (00:32)."
3074_THE_ROOMMATE/segment_0016.mp4,202,C,"In the final part of the video, the woman with the ponytail opens a desk drawer and pulls out the brown spiral notebook that was previously shown resting on the bed."
3074_THE_ROOMMATE/segment_0005.mp4,203,C,"In the target scene, the girl with straight blonde hair is shown waiting for and then approaching the girl in the brown jacket while holding a disposable coffee cup, which she extends toward her as they meet."
3031_HANSEL_GRETEL_WITCH_HUNTERS/segment_0004.mp4,204,B,"After the forest fight scene, the man in the black leather jacket is shown inside a room where he holds a metallic, syringe-like device and uses his thumb to press down on the plunger at the top of the device."
3031_HANSEL_GRETEL_WITCH_HUNTERS/segment_0000.mp4,205,B,"Shortly after the two children enter the house in the target scene, the colorful spiral-patterned door is shown sliding together until it completely closes, shutting them inside."
3031_HANSEL_GRETEL_WITCH_HUNTERS/segment_0006.mp4,206,C,"In the target scene, the man enters the tavern, convulses, and violently explodes. A subsequent shot shows the tavern floor covered in blood, severed body parts, and crawling worms."
3031_HANSEL_GRETEL_WITCH_HUNTERS/segment_0012.mp4,207,B,"At the end of the video, a close-up of the man with long grey hair shows that the metallic barrels of his gun have been bent 180 degrees backward, pointing directly under his chin."
3031_HANSEL_GRETEL_WITCH_HUNTERS/segment_0020.mp4,208,B,"In the target scene, the bearded man is shown suspended by a rope around his neck, struggling and kicking his legs as he is hanged next to a large, blazing bonfire while a crowd of villagers watches."
3031_HANSEL_GRETEL_WITCH_HUNTERS/segment_0024.mp4,209,B,"In the target scene, the black-clad witch is seen flying through the forest on her broomstick and abruptly stops in mid-air right in front of the wire trap, hovering to inspect the blood left behind by the other witches who crashed into them."
3031_HANSEL_GRETEL_WITCH_HUNTERS/segment_0026.mp4,210,A,"In the target scene, the woman who bursts into the hut to help the man has dark brown hair and is wearing a green dress with white sleeves. In the earlier context, the woman who died in the forest had long red hair and was wearing a tan/beige dress."
3031_HANSEL_GRETEL_WITCH_HUNTERS/segment_0023.mp4,211,C,"After the large troll-like creature pulls the chains from the tree to free her, the woman runs and tackles the dark-haired witch to the ground, rolling with her on the dirt."
3031_HANSEL_GRETEL_WITCH_HUNTERS/segment_0022.mp4,212,C,"In the target scene, the red-haired woman is shown crouching in a rocky crevice, where she grips and pulls back the dual handles of a large, mounted mechanical weapon."
3031_HANSEL_GRETEL_WITCH_HUNTERS/segment_0017.mp4,213,B,"In the target scene, when the woman is shown sitting up on a rock and looking at the troll, her face is completely clean, whereas in the earlier context, her forehead and mouth were covered in blood."
1051_Harry_Potter_and_the_goblet_of_fire/segment_0032.mp4,214,C,"In the target scene (specifically around 01:04 and 01:18), the swimmer's hands are shown clearly underwater with thin webbing connecting his fingers, a transformation that was initiated during the preceding context scene."
1051_Harry_Potter_and_the_goblet_of_fire/segment_0033.mp4,215,C,"In the target scene, a swimmer with an air bubble around his head arrives and uses a magic wand to cut the ropes binding the ankles of the girl with black hair, swimming away with her as she floats upward."
1051_Harry_Potter_and_the_goblet_of_fire/segment_0015.mp4,216,B,"In the target scene, the boy who was previously interviewed in the closet is shown in the owl tower. He walks up to a large black owl with distinctive orange eyes and takes a paper letter directly from its beak."
1051_Harry_Potter_and_the_goblet_of_fire/segment_0051.mp4,217,B,"In the earlier part of the scene, a carriage pulled by several white winged horses is seen flying close to the camera over the water. As the camera zooms out in the final part of the scene, this same group of winged horses and carriage can be seen continuing their flight into the distance past the ship."
1051_Harry_Potter_and_the_goblet_of_fire/segment_0036.mp4,218,B,"At the start of the target scene, the man with the mechanical eye points his wand back toward the entrance, causing the heavy metal gate to swing shut and close."
1051_Harry_Potter_and_the_goblet_of_fire/segment_0047.mp4,219,B,"In the target scene, after entering the room, the man is shown sliding a metal bolt latch to securely lock the heavy wooden door."
1051_Harry_Potter_and_the_goblet_of_fire/segment_0012.mp4,220,A,"At 01:04 in the target scene, after shaking hands, the older wizard in the blue robes places his hand directly on top of the first champion's buzzed head as he guides him away."
1051_Harry_Potter_and_the_goblet_of_fire/segment_0046.mp4,221,B,"In the target scene, the boy with glasses runs over to the body lying on the ground and uses his wand to summon the glowing blue object. The object flies directly into his hand, and upon contact, both he and the body instantly disappear from the graveyard."
1051_Harry_Potter_and_the_goblet_of_fire/segment_0020.mp4,222,C,"Between 01:14 and 01:18, as the dragon lands on the boulder and peers over it to find the boy, a heavy spiked metal collar with an attached chain is clearly visible around its neck."
1051_Harry_Potter_and_the_goblet_of_fire/segment_0019.mp4,223,C,"In the target scene, the young man wearing the yellow and black shirt reaches into the dark fabric pouch and pulls out a miniature, winged yellow-grey dragon."
1051_Harry_Potter_and_the_goblet_of_fire/segment_0043.mp4,224,A,"In the target scene, we see a close-up of the knife coated in blood. The context shows the man using this knife to cut the arm of the boy with glasses who is trapped by the statue, confirming the blood belongs to him."
1051_Harry_Potter_and_the_goblet_of_fire/segment_0041.mp4,225,B,"In the target scene, after the boy in the red and black shirt pulls back the boy in the yellow and black shirt, the latter breaks free and sprints down the dark maze pathway. The two boys run together, aggressively shoving and grabbing one another as they race toward the blue light at the end of the corridor."
1051_Harry_Potter_and_the_goblet_of_fire/segment_0024.mp4,226,B,"During the earlier scenes, the boy with glasses has his left arm supported by a prominent white sling. In the target scene, as he walks and talks in the courtyard, his left arm is completely free and the white sling is gone."
1051_Harry_Potter_and_the_goblet_of_fire/segment_0025.mp4,227,D,"In the target scene, when the boy with glasses enters the snowy stone tower, the girl turns around to greet him. She is wearing a dark-colored coat open at the front, revealing a striped shirt underneath."
1051_Harry_Potter_and_the_goblet_of_fire/segment_0028.mp4,228,C,"In the target scene, the man in the red jacket takes the hand of the girl in the pink dress, lifts it to his lips to kiss it, and then walks away."
1051_Harry_Potter_and_the_goblet_of_fire/segment_0039.mp4,229,B,"In the target scene, as the hedge walls of the maze close in, the boy in the yellow and black shirt is shown running, getting caught, and ultimately being pulled down to the ground by the moving branches of the hedge."
1051_Harry_Potter_and_the_goblet_of_fire/segment_0013.mp4,230,B,"At 01:18, as the boy with glasses walks past the teacher in black (Snape), the glowing blue cup with dragon-shaped handles (the Triwizard Cup), which was shown in the opening seconds of the video, is clearly visible on a pedestal in the background to the left of the screen."
1051_Harry_Potter_and_the_goblet_of_fire/segment_0008.mp4,231,B,"In the target scene, the grey-bearded man waves his wand over the tiered gold tower-like structure, causing its outer golden panels to fold and slide downwards. This action reveals a large weathered stone/metal cup (goblet) resting on top."
1051_Harry_Potter_and_the_goblet_of_fire/segment_0040.mp4,232,B,"In the target scene at 01:18 and 01:21, when the boy with glasses illuminates his wand, the boy in the high-collared shirt turns around to face him, clearly showing his glazed, milky-white eyes."
1051_Harry_Potter_and_the_goblet_of_fire/segment_0016.mp4,233,C,"In the target scene, the red-haired boy (initially seen descending the stairs in pajamas during the context) is shown walking along a path in the woods alongside two girls."
1051_Harry_Potter_and_the_goblet_of_fire/segment_0007.mp4,234,B,"In the target scene, the newly arrived group of students marches into the hall holding long wooden staffs, which they slam against the stone floor to create bright sparks during their performance."
1051_Harry_Potter_and_the_goblet_of_fire/segment_0049.mp4,235,C,"In the target scene, the elderly man with the long white beard is seen comforting the boy with glasses by placing his left hand on the boy's shoulder and then gently using his right hand to stroke the side of the boy's head."
1051_Harry_Potter_and_the_goblet_of_fire/segment_0017.mp4,236,B,"After the 1-minute mark, the boy's head is shown floating in the forest with no body visible beneath it. This is because he put on the invisibility cloak shown in the earlier context scene."
3015_CHARLIE_ST_CLOUD/segment_0006.mp4,237,C,"At 01:26, the docked sailboat shown at the harbor clearly displays the number ""11"" inside a blue square on its red hull. This differs from the number ""39"" on the boat seen inside the boathouse during the context at 00:15."
3015_CHARLIE_ST_CLOUD/segment_0020.mp4,238,B,"In the final seconds of the video, the boy in the forest is shown putting on and raising a red baseball glove on his left hand."
3015_CHARLIE_ST_CLOUD/segment_0019.mp4,239,B,"At around 01:17, a silver chain necklace is clearly visible worn around the man's neck as he sits in the boat cabin."
3015_CHARLIE_ST_CLOUD/segment_0007.mp4,240,B,"In the target scene at 01:28, the woman from the magazine is sitting at a diner table, and a red basket filled with french fries is placed directly in front of her."
3015_CHARLIE_ST_CLOUD/segment_0011.mp4,241,C,"In the target scene at 01:26, the woman who was initially seen in the cabin is shown sitting indoors, wearing a white sleeveless top."
3015_CHARLIE_ST_CLOUD/segment_0005.mp4,242,C,"In the target scene, the assembled model airplane is shown flying over the lake before landing on the water's surface, after which the man is seen swimming in the lake to retrieve it."
3034_IDES_OF_MARCH/segment_0000.mp4,243,B,"In the target scene (from 1:28 onwards), the dark-haired candidate is standing on the right side of the stage waving to the crowd. According to the newspaper photos shown earlier in the context, this man is identified as Governor Mike Morris."
3034_IDES_OF_MARCH/segment_0015.mp4,244,B,"In the target scene, the man is shown taking off his black leather gloves and tossing them onto the desk in front of him during his conversation with the campaign worker."
3034_IDES_OF_MARCH/segment_0020.mp4,245,C,"At the beginning of the video, an older man with graying hair is shown speaking. In the target scene, when the window of the black SUV rolls down, this same man is shown sitting in the back seat."
3034_IDES_OF_MARCH/segment_0002.mp4,246,B,"When the meeting breaks up, the blonde woman wearing the black shirt is clearly visible walking across the background of the campaign office from right to left while carrying a blue folder and papers."
3034_IDES_OF_MARCH/segment_0013.mp4,247,B,"In the target scene, after closing his laptop and walking away, the young man can be seen in the background sitting on an armchair through the doorway behind the man in the dark suit."
3034_IDES_OF_MARCH/segment_0007.mp4,248,C,"In the backstage hallway sequence, the blonde woman is shown sitting at a desk and drinking water from a clear plastic bottle. In the target scene, after the man receives a message from ""Molly1991"" on his laptop, he looks back at this same blonde woman sitting behind him on the bus."
3034_IDES_OF_MARCH/segment_0011.mp4,249,B,"The mobile phone screen displays a text message from ""Molly."" Molly is the blonde woman shown earlier walking up the dark staircase to meet the man."
3032_HOW_DO_YOU_KNOW/segment_0021.mp4,250,C,"In the target scene, the man in the plaid shirt stands up quickly from the couch and angrily yells at the older man in the white shirt and tie."
3032_HOW_DO_YOU_KNOW/segment_0000.mp4,251,E,"In the target scene, the blonde woman who was practicing softball earlier is shown walking down an alleyway wearing a bright red sleeveless dress."
3032_HOW_DO_YOU_KNOW/segment_0018.mp4,252,A,"At 01:21, the woman sits down on a brown armchair, which is located directly next to a small round table holding a distinctive red clock."
3032_HOW_DO_YOU_KNOW/segment_0012.mp4,253,C,"In the target scene, the blond-haired man who was seen wearing a baseball uniform in the dugout emerges from a tiled indoor pool while holding a phone to his ear."
3032_HOW_DO_YOU_KNOW/segment_0020.mp4,254,D,"At the very end of the clip, the man who was previously sitting on the park bench is shown standing alone inside an elevator with wood-paneled walls."
3032_HOW_DO_YOU_KNOW/segment_0024.mp4,255,B,"During the target scene (visible at 01:21), the large white bag that the man stuffed behind the couch during his rushed cleanup is clearly visible peeking out from behind the couch cushions on the right side of the screen."
3032_HOW_DO_YOU_KNOW/segment_0025.mp4,256,B,"At the beginning of the target scene, the woman holding the baby answers a phone call, mentioning that the caller is ""just a couple of doors down."" Shortly after she hangs up, an older man wearing a grey suit and glasses enters the hospital room carrying two gift boxes (one blue, one pink), revealing himself to be the caller."
3032_HOW_DO_YOU_KNOW/segment_0026.mp4,257,B,"At the beginning of the target scene, the man is shown closing the screen of the silver and black handheld video camera. As he walks through the hospital exit and along the wet sidewalk, he continues to carry this same video camera in his right hand."
3032_HOW_DO_YOU_KNOW/segment_0013.mp4,258,C,"During the context portion of the video (around 00:28), a large red sports poster that says ""USA 2008 Women's National Team"" is shown on the wall near the exit of the blonde woman's apartment. In the target scene (around 01:01), when the pregnant woman enters the apartment, this same red poster is visible hanging on the wall next to the doorway."
3032_HOW_DO_YOU_KNOW/segment_0001.mp4,259,C,"After picking up the red dress from a table at 01:18, the woman walks into the bathroom holding the dress in her hand and stands there with it at 01:24."
3032_HOW_DO_YOU_KNOW/segment_0005.mp4,260,B,"In the target scene, after finishing his short phone call, the man is shown removing his phone from his ear and walking into the adjacent dining area, passing a dark wooden table covered with piles of papers, folders, and computer equipment."
1027_Les_Miserables/segment_0000.mp4,261,B,"In the target scene, after receiving the order from the guard, the bearded convict approaches a large wooden pole lying on the wet ground. He bends down, grips the pole, and hoists it onto his shoulder."
1005_Signs/segment_0032.mp4,262,B,"In the final seconds of the video, the camera pulls back to reveal the family sitting near the cornfield, framed on the right side by the jagged, cracked edge of a broken glass window pane."
1005_Signs/segment_0021.mp4,263,B,"In the target scene, the boy wearing overalls gets up from his seat at the table, walks over to the man sitting at the head of the table, and embraces him in a hug."
1005_Signs/segment_0018.mp4,264,B,"In the target scene, after a clawed hand reaches out from under the door, the man quickly grabs the kitchen knife from the floor and slices the fingers of the hand."
1005_Signs/segment_0006.mp4,265,D,"In the target scene, the boy who was previously seen using an inhaler stands on the sidewalk and holds out his hands. The man in the grey jacket drops a coin into his hands before the boy walks away with the young girl."
1005_Signs/segment_0012.mp4,266,A,"In the target scene, the back of a child's head with short hair is seen resting against the shoulder of the man in the red shirt. The context shows that this is the boy wearing the plaid shirt, who fell asleep resting against him."
1005_Signs/segment_0020.mp4,267,C,"In the target scene, at around 01:21, the man in the dark blue long-sleeve shirt (who was shown outside the house in the first half of the video) kneels down next to the boy sitting in the chair to whisper/talk to him."
1005_Signs/segment_0024.mp4,268,A,"At the very end of the video, three long, dark, clawed fingers are visibly reaching and sliding underneath the bottom of the red boarded-up door."
1005_Signs/segment_0025.mp4,269,C,"Near the end of the video, a man walks up to the closed wooden basement door, where a pickaxe is visibly wedged underneath the doorknob to keep it shut."
1005_Signs/segment_0013.mp4,270,C,"In the target scene, the man who was previously seen driving the car at night walks out of the bathroom wearing a dark blue bathrobe while holding a towel to his face."
1005_Signs/segment_0011.mp4,271,B,"When the man enters the kitchen from the back door, he is visibly holding the same large black flashlight in his left hand that he was using while running through the cornfield."
1005_Signs/segment_0005.mp4,272,B,"In the target scene, the television displays a ""BREAKING NEWS"" broadcast featuring aerial footage of crop circles in a field with the text ""Crop Symbols Throughout India,"" followed by a map highlighting locations."
3009_BATTLE_LOS_ANGELES/segment_0015.mp4,273,B,"During the target scene, when the female soldier approaches to speak to the wounded soldier, his helmet is completely off, showing his bare head and hair, whereas he was wearing a helmet at the beginning of the video."
3009_BATTLE_LOS_ANGELES/segment_0024.mp4,274,A,"At 01:15, inside the green-lit cabin of the armored vehicle, the driver is clearly shown using his hand to pull off his helmet."
3009_BATTLE_LOS_ANGELES/segment_0002.mp4,275,A,"In the target scene, between 01:05 and 01:10, the soldier with the ""MARTINEZ"" name tag walking down the hallway has a single gold bar pinned to his left collar point, which is the same gold rank insignia he was shown pinning on earlier in the video."
3009_BATTLE_LOS_ANGELES/segment_0025.mp4,276,B,"In the target scene, the soldier is clearly shown grabbing a thick rope suspended from the helicopter and sliding down it to reach the building's rooftop."
3009_BATTLE_LOS_ANGELES/segment_0026.mp4,277,C,"At 01:18, the soldier with the scratches on his face (clearly shown in close-up during the context scene) raises his open left hand with his palm facing forward to signal the other soldiers behind him to stop."
3009_BATTLE_LOS_ANGELES/segment_0016.mp4,278,C,"Shortly after the transition to the target scene, the soldier with glasses is shown lying on the ground, groaning and trying to sit up, positioned directly between a black sedan on his right and an overturned silver SUV on his left."
1026_Legion/segment_0010.mp4,279,A,"In the target scene, a close-up of the name badge being held by the man clearly displays the name ""Charlie"" printed on it."
1026_Legion/segment_0012.mp4,280,B,"During the target scene, the camera pans up the man's torso (wrapped in the blue blanket with red ties) to reveal his face. His head is slumped completely forward and downward, and his eyes are closed as if he has fallen asleep or lost consciousness."
1026_Legion/segment_0024.mp4,281,D,"In the target scene, an aerial view of the road shows the vehicle carrying the passengers to be a white station wagon."
1026_Legion/segment_0007.mp4,282,C,"The driver opens the police car's trunk to reveal a cache of weapons, selects a handgun, and hands it directly to the pregnant woman."
3074_THE_ROOMMATE/segment_0021.mp4,283,C,"In the context, a handwritten note is shown addressed to Sara from ""Jason,"" stating that he is staying at ""The Roswell Hotel, Room 210."" In the target scene, the woman wearing the blue hat uses a stolen key to enter Room 210, where a man is shown sleeping in bed, identifying it as Jason's room."
3074_THE_ROOMMATE/segment_0018.mp4,284,B,"After the blonde woman goes into the back room with the tattoo artist, the dark-haired woman (previously shown jogging) sits on a black sofa and flips through different magazines she picks up from the coffee table."
3074_THE_ROOMMATE/segment_0006.mp4,285,B,"In the target scene, a dark, motionless silhouette/shadow of a person is clearly visible standing on the other side of the blue shower curtain as the woman looks on apprehensively."
3074_THE_ROOMMATE/segment_0012.mp4,286,C,"In the target scene, the blonde woman is shown standing in front of a mirror, crying, and then she violently and repeatedly slaps her own right cheek multiple times."
3074_THE_ROOMMATE/segment_0019.mp4,287,B,"In the target scene, the woman pulls a black spiral sketchbook out of her blue crate and opens it to reveal a black-and-white portrait sketch of a woman's face."
3074_THE_ROOMMATE/segment_0013.mp4,288,B,"At the end of the video, two women walk into the mansion. The woman wearing the black long-sleeved shirt and dark pants is the same character who was shown in the earlier scenes using a utility knife to cut her own stomach."
3074_THE_ROOMMATE/segment_0022.mp4,289,D,"In the target scene, the woman enters the elevator and is shown pressing the button labeled ""6"", which lights up in red."
3074_THE_ROOMMATE/segment_0008.mp4,290,C,"In the target scene, the girl who was stalking the man in the library walks up to two girls on campus and places her hand on the shoulder of the girl wearing a black hat and scarf."
3074_THE_ROOMMATE/segment_0007.mp4,291,C,"The laptop screen displays a profile page featuring a profile photo on the left and a larger photo in the center, both depicting the blonde woman who was previously shown in her bedroom and walking down the hallway."
3074_THE_ROOMMATE/segment_0011.mp4,292,B,"In the target scene, the man wearing the flat cap is shown in the office sliding his arms out of his light grey jacket to remove it."
3074_THE_ROOMMATE/segment_0017.mp4,293,C,"In the restroom scene, the blonde woman who was previously seen at the gas station is wearing a sleeveless black dress and a thick, gold-toned geometric plate necklace around her neck, which is clearly visible as she leans in to talk to the other woman."
